category,collection,name,slug,image,short_description,description,price,available,handle
airplane,airplane,Reobrix Wz-10,reobrix-33033-wz-10,https://cdn.shopify.com/s/files/1/0632/2939/5192/files/ReobrixConstructionSetsWz-10-1.jpg?v=1710396943,,"<p data-mce-fragment=""1""><span data-mce-fragment=""1"">Item : Reobrix 33033</span></p>
<p data-mce-fragment=""1""><span data-mce-fragment=""1"">Number of Pieces : 1366 <br></span></p>
<p data-mce-fragment=""1""><span data-mce-fragment=""1"">Dimensions(L x W x H) : 43*28*10 CM</span></p>
<p data-mce-fragment=""1"">Package Type: Original packaging included (color box)</p>",0,TRUE,reobrix-33033-wz-10
,,,reobrix-33033-wz-10,https://cdn.shopify.com/s/files/1/0632/2939/5192/files/ReobrixConstructionSetsWz-10-2.jpg?v=1710396943,,,0,TRUE,reobrix-33033-wz-10
,,,reobrix-33033-wz-10,https://cdn.shopify.com/s/files/1/0632/2939/5192/files/ReobrixConstructionSetsWz-10-3.jpg?v=1710396942,,,0,TRUE,reobrix-33033-wz-10
,,,reobrix-33033-wz-10,https://cdn.shopify.com/s/files/1/0632/2939/5192/files/ReobrixConstructionSetsWz-10-4.jpg?v=1710396943,,,0,TRUE,reobrix-33033-wz-10
,,,reobrix-33033-wz-10,https://cdn.shopify.com/s/files/1/0632/2939/5192/files/ReobrixConstructionSetsWz-10-5.jpg?v=1710396942,,,0,TRUE,reobrix-33033-wz-10
airplane,airplane,Reobrix Tu160,reobrix-33036-tu160,https://cdn.shopify.com/s/files/1/0632/2939/5192/files/ReobrixConstructionSetsTu160-1.jpg?v=1710396485,,"<p data-mce-fragment=""1""><span data-mce-fragment=""1"">Item : Reobrix 33036</span></p>
<p data-mce-fragment=""1""><span data-mce-fragment=""1"">Number of Pieces : 1598 <br></span></p>
<p data-mce-fragment=""1""><span data-mce-fragment=""1"">Dimensions(L x W x H) : 43*28*10 CM</span></p>
<p data-mce-fragment=""1"">Package Type: Original packaging included (color box)</p>",0,TRUE,reobrix-33036-tu160
,,,reobrix-33036-tu160,https://cdn.shopify.com/s/files/1/0632/2939/5192/files/ReobrixConstructionSetsTu160-2.jpg?v=1710396485,,,0,TRUE,reobrix-33036-tu160
,,,reobrix-33036-tu160,https://cdn.shopify.com/s/files/1/0632/2939/5192/files/ReobrixConstructionSetsTu160-3.jpg?v=1710396486,,,0,TRUE,reobrix-33036-tu160
,,,reobrix-33036-tu160,https://cdn.shopify.com/s/files/1/0632/2939/5192/files/ReobrixConstructionSetsTu160-4.jpg?v=1710396486,,,0,TRUE,reobrix-33036-tu160
,,,reobrix-33036-tu160,https://cdn.shopify.com/s/files/1/0632/2939/5192/files/ReobrixConstructionSetsTu160-5.jpg?v=1710396485,,,0,TRUE,reobrix-33036-tu160
space,space,Reobrix Walking Mechanism - Dynamic Version,reobrix-99003-walking-mechanism-dynamic-version,https://cdn.shopify.com/s/files/1/0632/2939/5192/files/ReobrixConstructionSetsWalkingMechanism-DynamicVersion-1.jpg?v=1710483568,,"<p data-mce-fragment=""1""><span data-mce-fragment=""1"">Item : Reobrix 99003</span></p>
<p data-mce-fragment=""1""><span data-mce-fragment=""1"">Number of Pieces : 1378 <br></span></p>
<p data-mce-fragment=""1""><span data-mce-fragment=""1"">Dimensions(L x W x H) : 52*40*8 CM</span></p>
<p data-mce-fragment=""1"">Package Type: Original packaging included (color box)</p>",0,TRUE,reobrix-99003-walking-mechanism-dynamic-version
,,,reobrix-99003-walking-mechanism-dynamic-version,https://cdn.shopify.com/s/files/1/0632/2939/5192/files/ReobrixConstructionSetsWalkingMechanism-DynamicVersion-2.jpg?v=1710483567,,,0,TRUE,reobrix-99003-walking-mechanism-dynamic-version
,,,reobrix-99003-walking-mechanism-dynamic-version,https://cdn.shopify.com/s/files/1/0632/2939/5192/files/ReobrixConstructionSetsWalkingMechanism-DynamicVersion-3.jpg?v=1710483567,,,0,TRUE,reobrix-99003-walking-mechanism-dynamic-version
,,,reobrix-99003-walking-mechanism-dynamic-version,https://cdn.shopify.com/s/files/1/0632/2939/5192/files/ReobrixConstructionSetsWalkingMechanism-DynamicVersion-4.jpg?v=1710483567,,,0,TRUE,reobrix-99003-walking-mechanism-dynamic-version
,,,reobrix-99003-walking-mechanism-dynamic-version,https://cdn.shopify.com/s/files/1/0632/2939/5192/files/ReobrixConstructionSetsWalkingMechanism-DynamicVersion-5.jpg?v=1710483568,,,0,TRUE,reobrix-99003-walking-mechanism-dynamic-version
space,space,Reobrix Troop Transport Vehicle - Dynamic Version,reobrix-99004-troop-transport-vehicle-dynamic-version,https://cdn.shopify.com/s/files/1/0632/2939/5192/files/ReobrixConstructionSetsTroopTransportVehicle-DynamicVersion-1.jpg?v=1710481448,,"<p data-mce-fragment=""1""><span data-mce-fragment=""1"">Item : Reobrix 99004</span></p>
<p data-mce-fragment=""1""><span data-mce-fragment=""1"">Number of Pieces : 1298 <br></span></p>
<p data-mce-fragment=""1""><span data-mce-fragment=""1"">Dimensions(L x W x H) : 52*40*8 CM</span></p>
<p data-mce-fragment=""1"">Package Type: Original packaging included (color box)</p>",0,TRUE,reobrix-99004-troop-transport-vehicle-dynamic-version
,,,reobrix-99004-troop-transport-vehicle-dynamic-version,https://cdn.shopify.com/s/files/1/0632/2939/5192/files/ReobrixConstructionSetsTroopTransportVehicle-DynamicVersion-2.jpg?v=1710481449,,,0,TRUE,reobrix-99004-troop-transport-vehicle-dynamic-version
,,,reobrix-99004-troop-transport-vehicle-dynamic-version,https://cdn.shopify.com/s/files/1/0632/2939/5192/files/ReobrixConstructionSetsTroopTransportVehicle-DynamicVersion-3.jpg?v=1710481448,,,0,TRUE,reobrix-99004-troop-transport-vehicle-dynamic-version
,,,reobrix-99004-troop-transport-vehicle-dynamic-version,https://cdn.shopify.com/s/files/1/0632/2939/5192/files/ReobrixConstructionSetsTroopTransportVehicle-DynamicVersion-4.jpg?v=1710481448,,,0,TRUE,reobrix-99004-troop-transport-vehicle-dynamic-version
,,,reobrix-99004-troop-transport-vehicle-dynamic-version,https://cdn.shopify.com/s/files/1/0632/2939/5192/files/ReobrixConstructionSetsTroopTransportVehicle-DynamicVersion-5.jpg?v=1710481449,,,0,TRUE,reobrix-99004-troop-transport-vehicle-dynamic-version
space,space,Reobrix Transport Vehicle - Dynamic Version,reobrix-99005-transport-vehicle-dynamic-version,https://cdn.shopify.com/s/files/1/0632/2939/5192/files/ReobrixConstructionSetsTransportVehicle-DynamicVersion-1.jpg?v=1710481415,,"<p data-mce-fragment=""1""><span data-mce-fragment=""1"">Item : Reobrix 99005</span></p>
<p data-mce-fragment=""1""><span data-mce-fragment=""1"">Number of Pieces : 1758 <br></span></p>
<p data-mce-fragment=""1""><span data-mce-fragment=""1"">Dimensions(L x W x H) : 49*38*10 CM</span></p>
<p data-mce-fragment=""1"">Package Type: Original packaging included (color box)</p>",0,TRUE,reobrix-99005-transport-vehicle-dynamic-version
,,,reobrix-99005-transport-vehicle-dynamic-version,https://cdn.shopify.com/s/files/1/0632/2939/5192/files/ReobrixConstructionSetsTransportVehicle-DynamicVersion-2.jpg?v=1710481414,,,0,TRUE,reobrix-99005-transport-vehicle-dynamic-version
,,,reobrix-99005-transport-vehicle-dynamic-version,https://cdn.shopify.com/s/files/1/0632/2939/5192/files/ReobrixConstructionSetsTransportVehicle-DynamicVersion-3.jpg?v=1710481415,,,0,TRUE,reobrix-99005-transport-vehicle-dynamic-version
,,,reobrix-99005-transport-vehicle-dynamic-version,https://cdn.shopify.com/s/files/1/0632/2939/5192/files/ReobrixConstructionSetsTransportVehicle-DynamicVersion-4.jpg?v=1710481415,,,0,TRUE,reobrix-99005-transport-vehicle-dynamic-version
,,,reobrix-99005-transport-vehicle-dynamic-version,https://cdn.shopify.com/s/files/1/0632/2939/5192/files/ReobrixConstructionSetsTransportVehicle-DynamicVersion-5.jpg?v=1710481414,,,0,TRUE,reobrix-99005-transport-vehicle-dynamic-version
space,space,Reobrix T6 Shuttle,reobrix-99006-t6-shuttle,https://cdn.shopify.com/s/files/1/0632/2939/5192/files/ReobrixConstructionSetsT6Shuttle-1.jpg?v=1710318353,,"<p data-mce-fragment=""1""><span data-mce-fragment=""1"">Item : Reobrix 99006</span></p>
<p data-mce-fragment=""1""><span data-mce-fragment=""1"">Number of Pieces : 5749 <br></span></p>
<p data-mce-fragment=""1""><span data-mce-fragment=""1"">Dimensions(L x W x H) : 43*35*28 CM</span></p>
<p data-mce-fragment=""1"">Package Type: Original packaging included (color box)</p>",0,TRUE,reobrix-99006-t6-shuttle
,,,reobrix-99006-t6-shuttle,https://cdn.shopify.com/s/files/1/0632/2939/5192/files/ReobrixConstructionSetsT6Shuttle-2.jpg?v=1710318352,,,0,TRUE,reobrix-99006-t6-shuttle
,,,reobrix-99006-t6-shuttle,https://cdn.shopify.com/s/files/1/0632/2939/5192/files/ReobrixConstructionSetsT6Shuttle-3.jpg?v=1710318353,,,0,TRUE,reobrix-99006-t6-shuttle
,,,reobrix-99006-t6-shuttle,https://cdn.shopify.com/s/files/1/0632/2939/5192/files/ReobrixConstructionSetsT6Shuttle-4.jpg?v=1710318352,,,0,TRUE,reobrix-99006-t6-shuttle
,,,reobrix-99006-t6-shuttle,https://cdn.shopify.com/s/files/1/0632/2939/5192/files/ReobrixConstructionSetsT6Shuttle-5.jpg?v=1710318352,,,0,TRUE,reobrix-99006-t6-shuttle
power engineering,power engineering,Reobrix Water Cannon Fire Truck - Dynamic Version,reobrix-22008-water-cannon-fire-truck-dynamic-version,https://cdn.shopify.com/s/files/1/0632/2939/5192/files/ReobrixConstructionSetsWaterCannonFireTruck-DynamicVersion-1.jpg?v=1710483754,,"<p data-mce-fragment=""1""><span data-mce-fragment=""1"">Item : Reobrix 22008</span></p>
<p data-mce-fragment=""1""><span data-mce-fragment=""1"">Number of Pieces : 2888 <br></span></p>
<p data-mce-fragment=""1""><span data-mce-fragment=""1"">Dimensions(L x W x H) : 62.5*42.5*9.5 CM</span></p>
<p data-mce-fragment=""1"">Package Type: Original packaging included (color box)</p>",0,TRUE,reobrix-22008-water-cannon-fire-truck-dynamic-version
,,,reobrix-22008-water-cannon-fire-truck-dynamic-version,https://cdn.shopify.com/s/files/1/0632/2939/5192/files/ReobrixConstructionSetsWaterCannonFireTruck-DynamicVersion-2.jpg?v=1710483752,,,0,TRUE,reobrix-22008-water-cannon-fire-truck-dynamic-version
,,,reobrix-22008-water-cannon-fire-truck-dynamic-version,https://cdn.shopify.com/s/files/1/0632/2939/5192/files/ReobrixConstructionSetsWaterCannonFireTruck-DynamicVersion-3.jpg?v=1710483753,,,0,TRUE,reobrix-22008-water-cannon-fire-truck-dynamic-version
,,,reobrix-22008-water-cannon-fire-truck-dynamic-version,https://cdn.shopify.com/s/files/1/0632/2939/5192/files/ReobrixConstructionSetsWaterCannonFireTruck-DynamicVersion-4.jpg?v=1710483752,,,0,TRUE,reobrix-22008-water-cannon-fire-truck-dynamic-version
,,,reobrix-22008-water-cannon-fire-truck-dynamic-version,https://cdn.shopify.com/s/files/1/0632/2939/5192/files/ReobrixConstructionSetsWaterCannonFireTruck-DynamicVersion-5.jpg?v=1710483753,,,0,TRUE,reobrix-22008-water-cannon-fire-truck-dynamic-version
power engineering,power engineering,Reobrix Wrecker - Dynamic Version,reobrix-22012-wrecker-dynamic-version,https://cdn.shopify.com/s/files/1/0632/2939/5192/files/ReobrixConstructionSetsWrecker-DynamicVersion-1.jpg?v=1710483784,,"<p data-mce-fragment=""1""><span data-mce-fragment=""1"">Item : Reobrix 22012</span></p>
<p data-mce-fragment=""1""><span data-mce-fragment=""1"">Number of Pieces : 1910 <br></span></p>
<p data-mce-fragment=""1""><span data-mce-fragment=""1"">Dimensions(L x W x H) : 60*40*9.5 CM</span></p>
<p data-mce-fragment=""1"">Package Type: Original packaging included (color box)</p>",0,TRUE,reobrix-22012-wrecker-dynamic-version
,,,reobrix-22012-wrecker-dynamic-version,https://cdn.shopify.com/s/files/1/0632/2939/5192/files/ReobrixConstructionSetsWrecker-DynamicVersion-2.jpg?v=1710483784,,,0,TRUE,reobrix-22012-wrecker-dynamic-version
,,,reobrix-22012-wrecker-dynamic-version,https://cdn.shopify.com/s/files/1/0632/2939/5192/files/ReobrixConstructionSetsWrecker-DynamicVersion-3.jpg?v=1710483784,,,0,TRUE,reobrix-22012-wrecker-dynamic-version
,,,reobrix-22012-wrecker-dynamic-version,https://cdn.shopify.com/s/files/1/0632/2939/5192/files/ReobrixConstructionSetsWrecker-DynamicVersion-4.jpg?v=1710483785,,,0,TRUE,reobrix-22012-wrecker-dynamic-version
,,,reobrix-22012-wrecker-dynamic-version,https://cdn.shopify.com/s/files/1/0632/2939/5192/files/ReobrixConstructionSetsWrecker-DynamicVersion-5.jpg?v=1710483784,,,0,TRUE,reobrix-22012-wrecker-dynamic-version
power engineering,power engineering,Reobrix Tower Crane - Dynamic Version,reobrix-22013-tower-crane-dynamic-version,https://cdn.shopify.com/s/files/1/0632/2939/5192/files/ReobrixConstructionSetsTowerCrane-DynamicVersion-1.jpg?v=1710472582,,"<p data-mce-fragment=""1""><span data-mce-fragment=""1"">Item : Reobrix 22013</span></p>
<p data-mce-fragment=""1""><span data-mce-fragment=""1"">Number of Pieces : 1288 <br></span></p>
<p data-mce-fragment=""1""><span data-mce-fragment=""1"">Dimensions(L x W x H) : 52*40*8 CM</span></p>
<p data-mce-fragment=""1"">Package Type: Original packaging included (color box)</p>",0,TRUE,reobrix-22013-tower-crane-dynamic-version
,,,reobrix-22013-tower-crane-dynamic-version,https://cdn.shopify.com/s/files/1/0632/2939/5192/files/ReobrixConstructionSetsTowerCrane-DynamicVersion-2.jpg?v=1710472583,,,0,TRUE,reobrix-22013-tower-crane-dynamic-version
,,,reobrix-22013-tower-crane-dynamic-version,https://cdn.shopify.com/s/files/1/0632/2939/5192/files/ReobrixConstructionSetsTowerCrane-DynamicVersion-3.jpg?v=1710472581,,,0,TRUE,reobrix-22013-tower-crane-dynamic-version
,,,reobrix-22013-tower-crane-dynamic-version,https://cdn.shopify.com/s/files/1/0632/2939/5192/files/ReobrixConstructionSetsTowerCrane-DynamicVersion-4.jpg?v=1710472582,,,0,TRUE,reobrix-22013-tower-crane-dynamic-version
,,,reobrix-22013-tower-crane-dynamic-version,https://cdn.shopify.com/s/files/1/0632/2939/5192/files/ReobrixConstructionSetsTowerCrane-DynamicVersion-5.jpg?v=1710472582,,,0,TRUE,reobrix-22013-tower-crane-dynamic-version
power engineering,power engineering,Reobrix Tractor - Dynamic Version,reobrix-22015-tractor-dynamic-version,https://cdn.shopify.com/s/files/1/0632/2939/5192/files/ReobrixConstructionSetsTractor-DynamicVersion-750X1000_1.jpg?v=1710486144,,"<p data-mce-fragment=""1""><span data-mce-fragment=""1"">Item : Reobrix 22015</span></p>
<p data-mce-fragment=""1""><span data-mce-fragment=""1"">Number of Pieces : 1828 <br></span></p>
<p data-mce-fragment=""1""><span data-mce-fragment=""1"">Dimensions(L x W x H) : 60*40*9.5 CM</span></p>
<p data-mce-fragment=""1"">Package Type: Original packaging included (color box)</p>",0,TRUE,reobrix-22015-tractor-dynamic-version
,,,reobrix-22015-tractor-dynamic-version,https://cdn.shopify.com/s/files/1/0632/2939/5192/files/ReobrixConstructionSetsTractor-DynamicVersion-750X1000_2.jpg?v=1710486145,,,0,TRUE,reobrix-22015-tractor-dynamic-version
,,,reobrix-22015-tractor-dynamic-version,https://cdn.shopify.com/s/files/1/0632/2939/5192/files/ReobrixConstructionSetsTractor-DynamicVersion-750X1000_3.jpg?v=1710486145,,,0,TRUE,reobrix-22015-tractor-dynamic-version
,,,reobrix-22015-tractor-dynamic-version,https://cdn.shopify.com/s/files/1/0632/2939/5192/files/ReobrixConstructionSetsTractor-DynamicVersion-750X1000_4.jpg?v=1710486144,,,0,TRUE,reobrix-22015-tractor-dynamic-version
,,,reobrix-22015-tractor-dynamic-version,https://cdn.shopify.com/s/files/1/0632/2939/5192/files/ReobrixConstructionSetsTractor-DynamicVersion-750X1000_5.jpg?v=1710486144,,,0,TRUE,reobrix-22015-tractor-dynamic-version
power engineering,power engineering,Reobrix Wheel Excavator,reobrix-22017-wheel-excavator,https://cdn.shopify.com/s/files/1/0632/2939/5192/files/ReobrixConstructionSetsWheelExcavator-1.jpg?v=1710483766,,"<p data-mce-fragment=""1""><span data-mce-fragment=""1"">Item : Reobrix 22017</span></p>
<p data-mce-fragment=""1""><span data-mce-fragment=""1"">Number of Pieces : 3188 <br></span></p>
<p data-mce-fragment=""1""><span data-mce-fragment=""1"">Dimensions(L x W x H) : 62.5*43*12 CM</span></p>
<p data-mce-fragment=""1"">Package Type: Original packaging included (color box)</p>",0,TRUE,reobrix-22017-wheel-excavator
,,,reobrix-22017-wheel-excavator,https://cdn.shopify.com/s/files/1/0632/2939/5192/files/ReobrixConstructionSetsWheelExcavator-2.jpg?v=1710483766,,,0,TRUE,reobrix-22017-wheel-excavator
,,,reobrix-22017-wheel-excavator,https://cdn.shopify.com/s/files/1/0632/2939/5192/files/ReobrixConstructionSetsWheelExcavator-3.jpg?v=1710483766,,,0,TRUE,reobrix-22017-wheel-excavator
,,,reobrix-22017-wheel-excavator,https://cdn.shopify.com/s/files/1/0632/2939/5192/files/ReobrixConstructionSetsWheelExcavator-4.jpg?v=1710483767,,,0,TRUE,reobrix-22017-wheel-excavator
,,,reobrix-22017-wheel-excavator,https://cdn.shopify.com/s/files/1/0632/2939/5192/files/ReobrixConstructionSetsWheelExcavator-5.jpg?v=1710483766,,,0,TRUE,reobrix-22017-wheel-excavator
power engineering,power engineering,Reobrix Telescopic Boom Forklift - Dynamic Version,reobrix-22020-telescopic-boom-forklift-dynamic-version,https://cdn.shopify.com/s/files/1/0632/2939/5192/files/ReobrixConstructionSetsTelescopicBoomForklift-DynamicVersion-1.jpg?v=1710472780,,"<p data-mce-fragment=""1""><span data-mce-fragment=""1"">Item : Reobrix 22020</span></p>
<p data-mce-fragment=""1""><span data-mce-fragment=""1"">Number of Pieces : 2260 <br></span></p>
<p data-mce-fragment=""1""><span data-mce-fragment=""1"">Dimensions(L x W x H) : 60*40*9.5 CM</span></p>
<p data-mce-fragment=""1"">Package Type: Original packaging included (color box)</p>",0,TRUE,reobrix-22020-telescopic-boom-forklift-dynamic-version
,,,reobrix-22020-telescopic-boom-forklift-dynamic-version,https://cdn.shopify.com/s/files/1/0632/2939/5192/files/ReobrixConstructionSetsTelescopicBoomForklift-DynamicVersion-2.jpg?v=1710472780,,,0,TRUE,reobrix-22020-telescopic-boom-forklift-dynamic-version
,,,reobrix-22020-telescopic-boom-forklift-dynamic-version,https://cdn.shopify.com/s/files/1/0632/2939/5192/files/ReobrixConstructionSetsTelescopicBoomForklift-DynamicVersion-3.jpg?v=1710472781,,,0,TRUE,reobrix-22020-telescopic-boom-forklift-dynamic-version
,,,reobrix-22020-telescopic-boom-forklift-dynamic-version,https://cdn.shopify.com/s/files/1/0632/2939/5192/files/ReobrixConstructionSetsTelescopicBoomForklift-DynamicVersion-4.jpg?v=1710472779,,,0,TRUE,reobrix-22020-telescopic-boom-forklift-dynamic-version
,,,reobrix-22020-telescopic-boom-forklift-dynamic-version,https://cdn.shopify.com/s/files/1/0632/2939/5192/files/ReobrixConstructionSetsTelescopicBoomForklift-DynamicVersion-5.jpg?v=1710472779,,,0,TRUE,reobrix-22020-telescopic-boom-forklift-dynamic-version
science fiction,science fiction,Reobrix Three-Variable Robot - Dynamic Version,reobrix-33001-¶Ï»õ-three-variable-robot-dynamic-version,https://cdn.shopify.com/s/files/1/0632/2939/5192/files/ReobrixConstructionSetsThree-VariableRobot-DynamicVersion-1.jpg?v=1710472913,,"<p data-mce-fragment=""1""><span data-mce-fragment=""1"">Item : Reobrix 33001</span></p>
<p data-mce-fragment=""1""><span data-mce-fragment=""1"">Number of Pieces : 580 <br></span></p>
<p data-mce-fragment=""1""><span data-mce-fragment=""1"">Dimensions(L x W x H) : 30*7*22.5 CM</span></p>
<div>
<div><span>Package Type: Original packaging included (color box)</span></div>
</div>",0,TRUE,reobrix-33001-¶Ï»õ-three-variable-robot-dynamic-version
,,,reobrix-33001-¶Ï»õ-three-variable-robot-dynamic-version,https://cdn.shopify.com/s/files/1/0632/2939/5192/files/ReobrixConstructionSetsThree-VariableRobot-DynamicVersion-2.jpg?v=1710472913,,,0,TRUE,reobrix-33001-¶Ï»õ-three-variable-robot-dynamic-version
,,,reobrix-33001-¶Ï»õ-three-variable-robot-dynamic-version,https://cdn.shopify.com/s/files/1/0632/2939/5192/files/ReobrixConstructionSetsThree-VariableRobot-DynamicVersion-3.jpg?v=1710472914,,,0,TRUE,reobrix-33001-¶Ï»õ-three-variable-robot-dynamic-version
,,,reobrix-33001-¶Ï»õ-three-variable-robot-dynamic-version,https://cdn.shopify.com/s/files/1/0632/2939/5192/files/ReobrixConstructionSetsThree-VariableRobot-DynamicVersion-4.jpg?v=1710472913,,,0,TRUE,reobrix-33001-¶Ï»õ-three-variable-robot-dynamic-version
,,,reobrix-33001-¶Ï»õ-three-variable-robot-dynamic-version,https://cdn.shopify.com/s/files/1/0632/2939/5192/files/ReobrixConstructionSetsThree-VariableRobot-DynamicVersion-5.jpg?v=1710472914,,,0,TRUE,reobrix-33001-¶Ï»õ-three-variable-robot-dynamic-version
dinosaur,dinosaur,Reobrix Three-Variable Tyrannosaurus Rex,reobrix-33002-three-variable-tyrannosaurus-rex,https://cdn.shopify.com/s/files/1/0632/2939/5192/files/ReobrixConstructionSetsThree-VariableTyrannosaurusRex-1.jpg?v=1710398052,,"<p data-mce-fragment=""1""><span data-mce-fragment=""1"">Item : Reobrix 33002</span></p>
<p data-mce-fragment=""1""><span data-mce-fragment=""1"">Number of Pieces : 940 <br></span></p>
<p data-mce-fragment=""1""><span data-mce-fragment=""1"">Dimensions(L x W x H) : 33*22.5*8 CM</span></p>
<p data-mce-fragment=""1"">Package Type: Original packaging included (color box)</p>",0,TRUE,reobrix-33002-three-variable-tyrannosaurus-rex
,,,reobrix-33002-three-variable-tyrannosaurus-rex,https://cdn.shopify.com/s/files/1/0632/2939/5192/files/ReobrixConstructionSetsThree-VariableTyrannosaurusRex-2.jpg?v=1710398051,,,0,TRUE,reobrix-33002-three-variable-tyrannosaurus-rex
,,,reobrix-33002-three-variable-tyrannosaurus-rex,https://cdn.shopify.com/s/files/1/0632/2939/5192/files/ReobrixConstructionSetsThree-VariableTyrannosaurusRex-3.jpg?v=1710398051,,,0,TRUE,reobrix-33002-three-variable-tyrannosaurus-rex
,,,reobrix-33002-three-variable-tyrannosaurus-rex,https://cdn.shopify.com/s/files/1/0632/2939/5192/files/ReobrixConstructionSetsThree-VariableTyrannosaurusRex-4.jpg?v=1710398052,,,0,TRUE,reobrix-33002-three-variable-tyrannosaurus-rex
,,,reobrix-33002-three-variable-tyrannosaurus-rex,https://cdn.shopify.com/s/files/1/0632/2939/5192/files/ReobrixConstructionSetsThree-VariableTyrannosaurusRex-5.jpg?v=1710398051,,,0,TRUE,reobrix-33002-three-variable-tyrannosaurus-rex
building block gun,building block gun,Reobrix Super Shorty,reobrix-77002-super-dwarf,https://cdn.shopify.com/s/files/1/0632/2939/5192/files/ReobrixConstructionSetsSuperDwarf-1.jpg?v=1710379121,,"<p data-mce-fragment=""1""><span data-mce-fragment=""1"">Item : Reobrix 77002</span></p>
<p data-mce-fragment=""1""><span data-mce-fragment=""1"">Number of Pieces : 882 <br></span></p>
<p data-mce-fragment=""1""><span data-mce-fragment=""1"">Dimensions(L x W x H) : 47*30*7 CM</span></p>
<p data-mce-fragment=""1"">Package Type: <span style=""color: #ff2a00;"" data-mce-fragment=""1"" data-mce-style=""color: #ff2a00;""><strong data-mce-fragment=""1"">Due to new shipping and customs regulations, our building block sets with gun images will now be shipped in plain cardboard boxes or other alternative packaging. We appreciate your understanding as we implement this necessary change to ensure smooth delivery.</strong></span></p>",0,TRUE,reobrix-77002-super-dwarf
,,,reobrix-77002-super-dwarf,https://cdn.shopify.com/s/files/1/0632/2939/5192/files/ReobrixConstructionSetsSuperDwarf-2.jpg?v=1710379123,,,0,TRUE,reobrix-77002-super-dwarf
,,,reobrix-77002-super-dwarf,https://cdn.shopify.com/s/files/1/0632/2939/5192/files/ReobrixConstructionSetsSuperDwarf-3.jpg?v=1710379122,,,0,TRUE,reobrix-77002-super-dwarf
,,,reobrix-77002-super-dwarf,https://cdn.shopify.com/s/files/1/0632/2939/5192/files/ReobrixConstructionSetsSuperDwarf-4.jpg?v=1710379122,,,0,TRUE,reobrix-77002-super-dwarf
,,,reobrix-77002-super-dwarf,https://cdn.shopify.com/s/files/1/0632/2939/5192/files/ReobrixConstructionSetsSuperDwarf-5.jpg?v=1710379122,,,0,TRUE,reobrix-77002-super-dwarf
building block gun,building block gun,Reobrix Super Magnum,reobrix-77026-awm,https://cdn.shopify.com/s/files/1/0632/2939/5192/files/ReobrixConstructionSetsAwm-1.jpg?v=1710383765,,"<p data-mce-fragment=""1""><span data-mce-fragment=""1"">Item : Reobrix 77026</span></p>
<p data-mce-fragment=""1""><span data-mce-fragment=""1"">Number of Pieces : 1336 <br></span></p>
<p data-mce-fragment=""1""><span data-mce-fragment=""1"">Dimensions(L x W x H) : 58*30*8 CM</span></p>
<p data-mce-fragment=""1"">Package Type: <span style=""color: #ff2a00;"" data-mce-fragment=""1"" data-mce-style=""color: #ff2a00;""><strong data-mce-fragment=""1"">Due to new shipping and customs regulations, our building block sets with gun images will now be shipped in plain cardboard boxes or other alternative packaging. We appreciate your understanding as we implement this necessary change to ensure smooth delivery.</strong></span></p>",0,TRUE,reobrix-77026-awm
,,,reobrix-77026-awm,https://cdn.shopify.com/s/files/1/0632/2939/5192/files/ReobrixConstructionSetsAwm-2.jpg?v=1710383766,,,0,TRUE,reobrix-77026-awm
,,,reobrix-77026-awm,https://cdn.shopify.com/s/files/1/0632/2939/5192/files/ReobrixConstructionSetsAwm-3.jpg?v=1710383765,,,0,TRUE,reobrix-77026-awm
,,,reobrix-77026-awm,https://cdn.shopify.com/s/files/1/0632/2939/5192/files/ReobrixConstructionSetsAwm-4.jpg?v=1710383764,,,0,TRUE,reobrix-77026-awm
,,,reobrix-77026-awm,https://cdn.shopify.com/s/files/1/0632/2939/5192/files/ReobrixConstructionSetsAwm-5.jpg?v=1710383766,,,0,TRUE,reobrix-77026-awm
motorcycle,motorcycle,Reobrix Viper - Static Version,reobrix-683-viper-static-version,https://cdn.shopify.com/s/files/1/0632/2939/5192/files/ReobrixConstructionSetsViper-StaticVersion-1.jpg?v=1710324216,,"<p data-mce-fragment=""1""><span data-mce-fragment=""1"">Item : Reobrix 683</span></p>
<p data-mce-fragment=""1""><span data-mce-fragment=""1"">Number of Pieces : 419 <br></span></p>
<p data-mce-fragment=""1""><span data-mce-fragment=""1"">Dimensions(L x W x H) : 30*22.5*5.5 CM</span></p>
<p data-mce-fragment=""1"">Package Type: Original packaging included (color box)</p>",0,TRUE,reobrix-683-viper-static-version
,,,reobrix-683-viper-static-version,https://cdn.shopify.com/s/files/1/0632/2939/5192/files/ReobrixConstructionSetsViper-StaticVersion-2.jpg?v=1710324216,,,0,TRUE,reobrix-683-viper-static-version
,,,reobrix-683-viper-static-version,https://cdn.shopify.com/s/files/1/0632/2939/5192/files/ReobrixConstructionSetsViper-StaticVersion-3.jpg?v=1710324217,,,0,TRUE,reobrix-683-viper-static-version
,,,reobrix-683-viper-static-version,https://cdn.shopify.com/s/files/1/0632/2939/5192/files/ReobrixConstructionSetsViper-StaticVersion-4.jpg?v=1710324215,,,0,TRUE,reobrix-683-viper-static-version
,,,reobrix-683-viper-static-version,https://cdn.shopify.com/s/files/1/0632/2939/5192/files/ReobrixConstructionSetsViper-StaticVersion-5.jpg?v=1710324217,,,0,TRUE,reobrix-683-viper-static-version
motorcycle,motorcycle,Reobrix Svj - Static Version,reobrix-687-svj-static-version,https://cdn.shopify.com/s/files/1/0632/2939/5192/files/ReobrixConstructionSetsSvj-StaticVersion-1.jpg?v=1710335290,,"<p data-mce-fragment=""1""><span data-mce-fragment=""1"">Item : Reobrix 687</span></p>
<p data-mce-fragment=""1""><span data-mce-fragment=""1"">Number of Pieces : 382 <br></span></p>
<p data-mce-fragment=""1""><span data-mce-fragment=""1"">Dimensions(L x W x H) : 30*22.5*5.5 CM</span></p>
<p data-mce-fragment=""1"">Package Type: Original packaging included (color box)</p>",0,TRUE,reobrix-687-svj-static-version
,,,reobrix-687-svj-static-version,https://cdn.shopify.com/s/files/1/0632/2939/5192/files/ReobrixConstructionSetsSvj-StaticVersion-2.jpg?v=1710335291,,,0,TRUE,reobrix-687-svj-static-version
,,,reobrix-687-svj-static-version,https://cdn.shopify.com/s/files/1/0632/2939/5192/files/ReobrixConstructionSetsSvj-StaticVersion-3.jpg?v=1710335290,,,0,TRUE,reobrix-687-svj-static-version
,,,reobrix-687-svj-static-version,https://cdn.shopify.com/s/files/1/0632/2939/5192/files/ReobrixConstructionSetsSvj-StaticVersion-4.jpg?v=1710335290,,,0,TRUE,reobrix-687-svj-static-version
,,,reobrix-687-svj-static-version,https://cdn.shopify.com/s/files/1/0632/2939/5192/files/ReobrixConstructionSetsSvj-StaticVersion-5.jpg?v=1710335291,,,0,TRUE,reobrix-687-svj-static-version
motorcycle,motorcycle,Reobrix X6,reobrix-679-x6,https://cdn.shopify.com/s/files/1/0632/2939/5192/files/ReobrixConstructionSetsX6-1.jpg?v=1710323866,,"<p data-mce-fragment=""1""><span data-mce-fragment=""1"">Item : Reobrix 679</span></p>
<p data-mce-fragment=""1""><span data-mce-fragment=""1"">Number of Pieces : 452 <br></span></p>
<p data-mce-fragment=""1""><span data-mce-fragment=""1"">Dimensions(L x W x H) : 30*22.5*5.5 CM</span></p>
<p data-mce-fragment=""1"">Package Type: Original packaging included (color box)</p>",0,TRUE,reobrix-679-x6
,,,reobrix-679-x6,https://cdn.shopify.com/s/files/1/0632/2939/5192/files/ReobrixConstructionSetsX6-2.jpg?v=1710323866,,,0,TRUE,reobrix-679-x6
,,,reobrix-679-x6,https://cdn.shopify.com/s/files/1/0632/2939/5192/files/ReobrixConstructionSetsX6-3.jpg?v=1710323867,,,0,TRUE,reobrix-679-x6
,,,reobrix-679-x6,https://cdn.shopify.com/s/files/1/0632/2939/5192/files/ReobrixConstructionSetsX6-4.jpg?v=1710323867,,,0,TRUE,reobrix-679-x6
,,,reobrix-679-x6,https://cdn.shopify.com/s/files/1/0632/2939/5192/files/ReobrixConstructionSetsX6-5.jpg?v=1710323867,,,0,TRUE,reobrix-679-x6
motorcycle,motorcycle,Reobrix Urus,reobrix-690-urus,https://cdn.shopify.com/s/files/1/0632/2939/5192/files/ReobrixConstructionSetsUrus-1.jpg?v=1710335482,,"<p data-mce-fragment=""1""><span data-mce-fragment=""1"">Item : Reobrix 690</span></p>
<p data-mce-fragment=""1""><span data-mce-fragment=""1"">Number of Pieces : 408 <br></span></p>
<p data-mce-fragment=""1""><span data-mce-fragment=""1"">Dimensions(L x W x H) : 30*22.5*5.5 CM</span></p>
<p data-mce-fragment=""1"">Package Type: Original packaging included (color box)</p>",0,TRUE,reobrix-690-urus
,,,reobrix-690-urus,https://cdn.shopify.com/s/files/1/0632/2939/5192/files/ReobrixConstructionSetsUrus-2.jpg?v=1710335481,,,0,TRUE,reobrix-690-urus
,,,reobrix-690-urus,https://cdn.shopify.com/s/files/1/0632/2939/5192/files/ReobrixConstructionSetsUrus-3.jpg?v=1710335481,,,0,TRUE,reobrix-690-urus
,,,reobrix-690-urus,https://cdn.shopify.com/s/files/1/0632/2939/5192/files/ReobrixConstructionSetsUrus-4.jpg?v=1710335480,,,0,TRUE,reobrix-690-urus
,,,reobrix-690-urus,https://cdn.shopify.com/s/files/1/0632/2939/5192/files/ReobrixConstructionSetsUrus-5.jpg?v=1710335482,,,0,TRUE,reobrix-690-urus
motorcycle,motorcycle,Reobrix Vision Gt,reobrix-795-vision-gt,https://cdn.shopify.com/s/files/1/0632/2939/5192/files/ReobrixConstructionSetsVisionGt-1.jpg?v=1710317846,,"<p data-mce-fragment=""1""><span data-mce-fragment=""1"">Item : Reobrix 795</span></p>
<p data-mce-fragment=""1""><span data-mce-fragment=""1"">Number of Pieces : 356 <br></span></p>
<p data-mce-fragment=""1""><span data-mce-fragment=""1"">Dimensions(L x W x H) : 30*22.5*5.5 CM</span></p>
<p data-mce-fragment=""1"">Package Type: Original packaging included (color box)</p>",0,TRUE,reobrix-795-vision-gt
,,,reobrix-795-vision-gt,https://cdn.shopify.com/s/files/1/0632/2939/5192/files/ReobrixConstructionSetsVisionGt-2.jpg?v=1710317846,,,0,TRUE,reobrix-795-vision-gt
,,,reobrix-795-vision-gt,https://cdn.shopify.com/s/files/1/0632/2939/5192/files/ReobrixConstructionSetsVisionGt-3.jpg?v=1710317847,,,0,TRUE,reobrix-795-vision-gt
,,,reobrix-795-vision-gt,https://cdn.shopify.com/s/files/1/0632/2939/5192/files/ReobrixConstructionSetsVisionGt-4.jpg?v=1710317846,,,0,TRUE,reobrix-795-vision-gt
,,,reobrix-795-vision-gt,https://cdn.shopify.com/s/files/1/0632/2939/5192/files/ReobrixConstructionSetsVisionGt-5.jpg?v=1710317847,,,0,TRUE,reobrix-795-vision-gt
antique,antique,Reobrix Used Blacksmith Shop,reobrix-66005-used-blacksmith-shop,https://cdn.shopify.com/s/files/1/0632/2939/5192/files/ReobrixConstructionSetsUsedBlacksmithShop-1.jpg?v=1710483274,,"<p data-mce-fragment=""1""><span data-mce-fragment=""1"">Item : Reobrix 66005</span></p>
<p data-mce-fragment=""1""><span data-mce-fragment=""1"">Number of Pieces : 2366 <br></span></p>
<p data-mce-fragment=""1""><span data-mce-fragment=""1"">Dimensions(L x W x H) : 56*43*10 CM</span></p>
<p data-mce-fragment=""1"">Package Type: Original packaging included (color box)</p>",0,TRUE,reobrix-66005-used-blacksmith-shop
,,,reobrix-66005-used-blacksmith-shop,https://cdn.shopify.com/s/files/1/0632/2939/5192/files/ReobrixConstructionSetsUsedBlacksmithShop-2.jpg?v=1710483274,,,0,TRUE,reobrix-66005-used-blacksmith-shop
,,,reobrix-66005-used-blacksmith-shop,https://cdn.shopify.com/s/files/1/0632/2939/5192/files/ReobrixConstructionSetsUsedBlacksmithShop-3.jpg?v=1710483274,,,0,TRUE,reobrix-66005-used-blacksmith-shop
,,,reobrix-66005-used-blacksmith-shop,https://cdn.shopify.com/s/files/1/0632/2939/5192/files/ReobrixConstructionSetsUsedBlacksmithShop-4.jpg?v=1710483275,,,0,TRUE,reobrix-66005-used-blacksmith-shop
,,,reobrix-66005-used-blacksmith-shop,https://cdn.shopify.com/s/files/1/0632/2939/5192/files/ReobrixConstructionSetsUsedBlacksmithShop-5.jpg?v=1710483273,,,0,TRUE,reobrix-66005-used-blacksmith-shop
antique,antique,Reobrix Used Castle,reobrix-66006-used-castle,https://cdn.shopify.com/s/files/1/0632/2939/5192/files/ReobrixConstructionSetsUsedCastle-1.jpg?v=1710483420,,"<p data-mce-fragment=""1""><span data-mce-fragment=""1"">Item : Reobrix 66006</span></p>
<p data-mce-fragment=""1""><span data-mce-fragment=""1"">Number of Pieces : 2722 <br></span></p>
<p data-mce-fragment=""1""><span data-mce-fragment=""1"">Dimensions(L x W x H) : 56*43*10 CM</span></p>
<p data-mce-fragment=""1"">Package Type: Original packaging included (color box)</p>",0,TRUE,reobrix-66006-used-castle
,,,reobrix-66006-used-castle,https://cdn.shopify.com/s/files/1/0632/2939/5192/files/ReobrixConstructionSetsUsedCastle-2.jpg?v=1710483419,,,0,TRUE,reobrix-66006-used-castle
,,,reobrix-66006-used-castle,https://cdn.shopify.com/s/files/1/0632/2939/5192/files/ReobrixConstructionSetsUsedCastle-3.jpg?v=1710483420,,,0,TRUE,reobrix-66006-used-castle
,,,reobrix-66006-used-castle,https://cdn.shopify.com/s/files/1/0632/2939/5192/files/ReobrixConstructionSetsUsedCastle-4.jpg?v=1710483419,,,0,TRUE,reobrix-66006-used-castle
,,,reobrix-66006-used-castle,https://cdn.shopify.com/s/files/1/0632/2939/5192/files/ReobrixConstructionSetsUsedCastle-5.jpg?v=1710483419,,,0,TRUE,reobrix-66006-used-castle
antique,antique,Reobrix Treehouse,reobrix-66008-treehouse,https://cdn.shopify.com/s/files/1/0632/2939/5192/files/ReobrixConstructionSetsTreehouse-1.jpg?v=1710475105,,"<p data-mce-fragment=""1""><span data-mce-fragment=""1"">Item : Reobrix 66008</span></p>
<p data-mce-fragment=""1""><span data-mce-fragment=""1"">Number of Pieces : 2566 <br></span></p>
<p data-mce-fragment=""1""><span data-mce-fragment=""1"">Dimensions(L x W x H) : 56*43*10 CM</span></p>
<p data-mce-fragment=""1"">Package Type: Original packaging included (color box)</p>",0,TRUE,reobrix-66008-treehouse
,,,reobrix-66008-treehouse,https://cdn.shopify.com/s/files/1/0632/2939/5192/files/ReobrixConstructionSetsTreehouse-2.jpg?v=1710475105,,,0,TRUE,reobrix-66008-treehouse
,,,reobrix-66008-treehouse,https://cdn.shopify.com/s/files/1/0632/2939/5192/files/ReobrixConstructionSetsTreehouse-3.jpg?v=1710475105,,,0,TRUE,reobrix-66008-treehouse
,,,reobrix-66008-treehouse,https://cdn.shopify.com/s/files/1/0632/2939/5192/files/ReobrixConstructionSetsTreehouse-4.jpg?v=1710475104,,,0,TRUE,reobrix-66008-treehouse
,,,reobrix-66008-treehouse,https://cdn.shopify.com/s/files/1/0632/2939/5192/files/ReobrixConstructionSetsTreehouse-5.jpg?v=1710475104,,,0,TRUE,reobrix-66008-treehouse
antique,antique,Reobrix Used Church,reobrix-66027-used-church,https://cdn.shopify.com/s/files/1/0632/2939/5192/files/ReobrixConstructionSetsUsedChurch-1.jpg?v=1710483446,,"<p data-mce-fragment=""1""><span data-mce-fragment=""1"">Item : Reobrix 66027</span></p>
<p data-mce-fragment=""1""><span data-mce-fragment=""1"">Number of Pieces : 3468 <br></span></p>
<p data-mce-fragment=""1""><span data-mce-fragment=""1"">Dimensions(L x W x H) : 68*45*14 CM</span></p>
<p data-mce-fragment=""1"">Package Type: Original packaging included (color box)</p>",0,TRUE,reobrix-66027-used-church
,,,reobrix-66027-used-church,https://cdn.shopify.com/s/files/1/0632/2939/5192/files/ReobrixConstructionSetsUsedChurch-2.jpg?v=1710483446,,,0,TRUE,reobrix-66027-used-church
,,,reobrix-66027-used-church,https://cdn.shopify.com/s/files/1/0632/2939/5192/files/ReobrixConstructionSetsUsedChurch-3.jpg?v=1710483445,,,0,TRUE,reobrix-66027-used-church
,,,reobrix-66027-used-church,https://cdn.shopify.com/s/files/1/0632/2939/5192/files/ReobrixConstructionSetsUsedChurch-4.jpg?v=1710483445,,,0,TRUE,reobrix-66027-used-church
,,,reobrix-66027-used-church,https://cdn.shopify.com/s/files/1/0632/2939/5192/files/ReobrixConstructionSetsUsedChurch-5.jpg?v=1710483445,,,0,TRUE,reobrix-66027-used-church
science fiction,science fiction,Reobrix Three-Variable Robot - Dynamic Version,reobrix-33001-?o-three-variable-robot-dynamic-version,https://cdn.shopify.com/s/files/1/0632/2939/5192/files/ReobrixConstructionSetsThree-VariableRobot-DynamicVersion-1_99403ded-2f3f-464b-976d-cfb1c90d0f13.jpg?v=1711437007,,"<p data-mce-fragment=""1""><span data-mce-fragment=""1"">Item : Reobrix 33001</span></p>
<p data-mce-fragment=""1""><span data-mce-fragment=""1"">Number of Pieces : 580 <br></span></p>
<p data-mce-fragment=""1""><span data-mce-fragment=""1"">Dimensions(L x W x H) : 30*7*22.5 CM</span></p>
<p data-mce-fragment=""1"">Package Type: Original packaging included (color box)</p>",0,TRUE,reobrix-33001-?o-three-variable-robot-dynamic-version
,,,reobrix-33001-?o-three-variable-robot-dynamic-version,https://cdn.shopify.com/s/files/1/0632/2939/5192/files/ReobrixConstructionSetsThree-VariableRobot-DynamicVersion-2_29117a21-8e8c-455a-8948-583eb3795be4.jpg?v=1711437007,,,0,TRUE,reobrix-33001-?o-three-variable-robot-dynamic-version
,,,reobrix-33001-?o-three-variable-robot-dynamic-version,https://cdn.shopify.com/s/files/1/0632/2939/5192/files/ReobrixConstructionSetsThree-VariableRobot-DynamicVersion-3_bd703050-7736-4fe1-a2b5-29a557969424.jpg?v=1711437007,,,0,TRUE,reobrix-33001-?o-three-variable-robot-dynamic-version
,,,reobrix-33001-?o-three-variable-robot-dynamic-version,https://cdn.shopify.com/s/files/1/0632/2939/5192/files/ReobrixConstructionSetsThree-VariableRobot-DynamicVersion-4_4d0f4ea8-45eb-4179-b36f-8bd5efc00a3a.jpg?v=1711437007,,,0,TRUE,reobrix-33001-?o-three-variable-robot-dynamic-version
,,,reobrix-33001-?o-three-variable-robot-dynamic-version,https://cdn.shopify.com/s/files/1/0632/2939/5192/files/ReobrixConstructionSetsThree-VariableRobot-DynamicVersion-5_cd59b895-402a-4118-b4ec-301b53836048.jpg?v=1711437007,,,0,TRUE,reobrix-33001-?o-three-variable-robot-dynamic-version
science fiction,science fiction,Reobrix Three-Variable Robot - Dynamic Version,reobrix-33001-o-three-variable-robot-dynamic-version,https://cdn.shopify.com/s/files/1/0632/2939/5192/files/ReobrixConstructionSetsThree-VariableRobot-DynamicVersion-1_26f22c5d-a3b3-4c9f-b49d-f8fd41ea577c.jpg?v=1711436898,,"<p data-mce-fragment=""1""><span data-mce-fragment=""1"">Item : Reobrix 33001</span></p>
<p data-mce-fragment=""1""><span data-mce-fragment=""1"">Number of Pieces : 580 <br></span></p>
<p data-mce-fragment=""1""><span data-mce-fragment=""1"">Dimensions(L x W x H) : 30*7*22.5 CM</span></p>
<p data-mce-fragment=""1"">Package Type: Original packaging included (color box)</p>",0,TRUE,reobrix-33001-o-three-variable-robot-dynamic-version
,,,reobrix-33001-o-three-variable-robot-dynamic-version,https://cdn.shopify.com/s/files/1/0632/2939/5192/files/ReobrixConstructionSetsThree-VariableRobot-DynamicVersion-2_5b70f8b6-39c6-4ec8-993e-2f14ec4dc294.jpg?v=1711436898,,,0,TRUE,reobrix-33001-o-three-variable-robot-dynamic-version
,,,reobrix-33001-o-three-variable-robot-dynamic-version,https://cdn.shopify.com/s/files/1/0632/2939/5192/files/ReobrixConstructionSetsThree-VariableRobot-DynamicVersion-3_3dc633d1-a253-4fe1-923e-e3749549e5a9.jpg?v=1711436898,,,0,TRUE,reobrix-33001-o-three-variable-robot-dynamic-version
,,,reobrix-33001-o-three-variable-robot-dynamic-version,https://cdn.shopify.com/s/files/1/0632/2939/5192/files/ReobrixConstructionSetsThree-VariableRobot-DynamicVersion-4_92c632e9-37ce-4aeb-add0-deea5133cd8e.jpg?v=1711436898,,,0,TRUE,reobrix-33001-o-three-variable-robot-dynamic-version
,,,reobrix-33001-o-three-variable-robot-dynamic-version,https://cdn.shopify.com/s/files/1/0632/2939/5192/files/ReobrixConstructionSetsThree-VariableRobot-DynamicVersion-5_ea1e84b7-6b95-4ae2-9cc0-f3e76cd396f3.jpg?v=1711436899,,,0,TRUE,reobrix-33001-o-three-variable-robot-dynamic-version
sword,sword,Reobrix The Sword Of The Masters,reobrix-the-sword-of-the-masters,https://cdn.shopify.com/s/files/1/0632/2939/5192/files/ReobrixTheSwordOfTheMasters_1.jpg?v=1713249162,,"<p data-mce-fragment=""1""><span data-mce-fragment=""1"">Item : Reobrix 99014</span></p>
<p data-mce-fragment=""1""><span data-mce-fragment=""1"">Number of Pieces : 820<br></span></p>
<p data-mce-fragment=""1""><span data-mce-fragment=""1"">Dimensions(L x W x H) : 18*7*36 CM</span></p>
<p data-mce-fragment=""1"">Package Type: Original packaging included (color box)</p>",0,TRUE,reobrix-the-sword-of-the-masters
,,,reobrix-the-sword-of-the-masters,https://cdn.shopify.com/s/files/1/0632/2939/5192/files/ReobrixTheSwordOfTheMasters_2.jpg?v=1713249161,,,0,TRUE,reobrix-the-sword-of-the-masters
,,,reobrix-the-sword-of-the-masters,https://cdn.shopify.com/s/files/1/0632/2939/5192/files/ReobrixTheSwordOfTheMasters_3.jpg?v=1713249160,,,0,TRUE,reobrix-the-sword-of-the-masters
,,,reobrix-the-sword-of-the-masters,https://cdn.shopify.com/s/files/1/0632/2939/5192/files/ReobrixTheSwordOfTheMasters_4.jpg?v=1713249161,,,0,TRUE,reobrix-the-sword-of-the-masters
,,,reobrix-the-sword-of-the-masters,https://cdn.shopify.com/s/files/1/0632/2939/5192/files/ReobrixTheSwordOfTheMasters_5.jpg?v=1713249161,,,0,TRUE,reobrix-the-sword-of-the-masters
submarine,submarine,Reobrix Submarine Factory Book,reobrix-submarine-factory-book,https://cdn.shopify.com/s/files/1/0632/2939/5192/files/1_d2333b3b-6f18-4387-8d8b-2173945b66fa.jpg?v=1713854374,,"<p data-mce-fragment=""1""><span data-mce-fragment=""1"">Item : Reobrix 66038</span></p>
<p data-mce-fragment=""1""><span data-mce-fragment=""1"">Number of Pieces : 3466<br></span></p>
<p data-mce-fragment=""1""><span data-mce-fragment=""1"">Dimensions(L x W x H) : 43*35*18 CM</span></p>
<p data-mce-fragment=""1"">Package Type: Original packaging included (color box)</p>",0,TRUE,reobrix-submarine-factory-book
,,,reobrix-submarine-factory-book,https://cdn.shopify.com/s/files/1/0632/2939/5192/files/2_246c5c04-b5ef-4816-b57e-a94b34a534ae.jpg?v=1713854374,,,0,TRUE,reobrix-submarine-factory-book
,,,reobrix-submarine-factory-book,https://cdn.shopify.com/s/files/1/0632/2939/5192/files/3_25accc8d-be80-4e71-ba24-71d34a733a71.jpg?v=1713854374,,,0,TRUE,reobrix-submarine-factory-book
,,,reobrix-submarine-factory-book,https://cdn.shopify.com/s/files/1/0632/2939/5192/files/4_6c51e979-29b0-4f39-8658-4a6fcc52e236.jpg?v=1713854375,,,0,TRUE,reobrix-submarine-factory-book
,,,reobrix-submarine-factory-book,https://cdn.shopify.com/s/files/1/0632/2939/5192/files/5_f6ff6e58-4d56-4df1-9861-7e00d489ffd1.jpg?v=1713854375,,,0,TRUE,reobrix-submarine-factory-book
